date,symbol,side,shares,price
2024-01-02,GS,buy,54.35267150894431,367.9671936035156
2024-01-02,COST,buy,31.2165231892335,640.6863403320312
2024-01-02,JPM,buy,123.24507502066277,162.27828979492188
2024-01-02,C,buy,408.0336290289379,49.015567779541016
2024-01-02,AVGO,buy,188.65828539989624,105.74687957763672
2024-01-09,GS,sell,54.35267150894431,363.6459045410156
2024-01-09,COST,sell,31.2165231892335,656.9634399414062
2024-01-09,JPM,sell,123.24507502066277,161.93157958984375
2024-01-09,C,sell,408.0336290289379,49.42218399047852
2024-01-09,AVGO,buy,1.533785950288177,105.4653091430664
2024-01-09,INTC,buy,423.0449203190542,47.41497802734375
2024-01-09,AMGN,buy,70.86507462651632,283.0543212890625
2024-01-09,MU,buy,242.67337556640032,82.65705108642578
2024-01-09,TMO,buy,37.175524613496115,537.4049072265625
2024-01-17,AVGO,sell,190.19207135018442,107.52882385253906
2024-01-17,INTC,sell,423.0449203190542,45.45127868652344
2024-01-17,MU,sell,242.67337556640032,82.60745239257812
2024-01-17,TMO,sell,37.175524613496115,534.8262329101562
2024-01-17,NVDA,buy,355.5063307170255,55.95354843139648
2024-01-17,AMGN,buy,0.14555882597262837,280.12481689453125
2024-01-17,ABT,buy,183.93932007958603,108.14349365234376
2024-01-17,GILD,buy,249.13390931610135,79.8439712524414
2024-01-17,PANW,buy,120.05255097106613,165.02999877929688
2024-01-24,AMGN,sell,71.01063345248895,281.4329528808594
2024-01-24,NVDA,sell,355.5063307170255,61.253116607666016
2024-01-24,ABT,sell,183.93932007958603,105.1439971923828
2024-01-24,GILD,sell,249.13390931610135,73.42727661132812
2024-01-24,PANW,sell,120.05255097106613,170.1199951171875
2024-01-24,QCOM,buy,136.19111080969552,146.58413696289062
2024-01-24,RTX,buy,235.0978326877927,84.91552734375
2024-01-24,IBM,buy,124.48601205345088,160.3670654296875
2024-01-24,MSFT,buy,50.64995782756809,394.14556884765625
2024-01-24,VZ,buy,566.6109719981671,35.05701446533203
2024-01-31,QCOM,sell,136.19111080969552,141.0196990966797
2024-01-31,RTX,sell,235.0978326877927,86.46221160888672
2024-01-31,IBM,sell,124.48601205345088,169.33834838867188
2024-01-31,MSFT,sell,50.64995782756809,389.2696228027344
2024-01-31,VZ,sell,566.6109719981671,35.96571350097656
2024-01-31,PANW,buy,119.00152865426615,169.2550048828125
2024-01-31,NFLX,buy,357.05101069039034,56.4109992980957
2024-01-31,UBER,buy,308.58902021377077,65.2699966430664
2024-01-31,ISRG,buy,53.25367312260865,378.2200012207031
2024-01-31,META,buy,51.819700656027955,386.7437744140625
2024-02-07,UBER,sell,308.58902021377077,70.6500015258789
2024-02-07,META,sell,51.819700656027955,465.5021362304688
2024-02-07,ISRG,buy,2.1524842341078667,391.3800048828125
2024-02-07,MA,buy,47.6467596132747,455.11724853515625
2024-02-07,LLY,buy,30.460481490798646,711.9014892578125
2024-02-07,NFLX,buy,29.78600902613953,55.93000030517578
2024-02-14,NFLX,sell,386.8370197165299,57.93299865722656
2024-02-14,ISRG,sell,55.40615735671652,381.760009765625
2024-02-14,MA,sell,47.6467596132747,458.3490295410156
2024-02-14,LLY,sell,30.460481490798646,744.5409545898438
2024-02-14,UBER,buy,277.94395279452056,79.1500015258789
2024-02-14,AMD,buy,123.1072448992088,178.6999969482422
2024-02-14,AMAT,buy,120.69814303337367,182.2667999267578
2024-02-14,LRCX,buy,245.3256827793432,89.65460205078125
2024-02-14,PANW,buy,0.0,184.1649932861328
2024-02-22,PANW,sell,119.00152865426615,133.91000366210938
2024-02-22,AMD,sell,123.1072448992088,181.8600006103516
2024-02-22,UBER,sell,5.398022335243468,78.02999877929688
2024-02-22,META,buy,44.08445095501432,482.4095153808594
2024-02-22,LLY,buy,23.047911194291697,756.6630249023438
2024-02-22,AMAT,sell,12.112730258210348,195.85281372070312
2024-02-22,LRCX,sell,15.316982727076663,92.4606704711914
2024-02-29,UBER,sell,272.5459304592771,79.5
2024-02-29,LRCX,sell,230.00870005226653,91.86243438720705
2024-02-29,META,sell,44.08445095501432,486.3788757324219
2024-02-29,AMD,buy,110.70566427003313,192.52999877929688
2024-02-29,DIS,buy,196.3779197436662,108.53644561767578
2024-02-29,KLAC,buy,318.3298796944346,66.95620727539062
2024-02-29,LLY,buy,5.4203925456804924,740.97216796875
2024-02-29,AMAT,sell,0.7781350951274675,197.7061462402344
2024-03-07,LLY,sell,28.46830373997219,767.0055541992188
2024-03-07,AMD,sell,110.70566427003313,211.3800048828125
2024-03-07,DIS,sell,196.3779197436662,107.17462921142578
2024-03-07,KLAC,sell,318.3298796944346,70.97571563720703
2024-03-07,NVDA,buy,241.07182750530419,92.5089111328125
2024-03-07,QCOM,buy,132.97941215150598,167.70484924316406
2024-03-07,TGT,buy,142.56238859087472,156.4318084716797
2024-03-07,WFC,buy,409.26936139825494,53.846473693847656
2024-03-07,AMAT,sell,0.8378206815242066,208.48280334472656
2024-03-14,NVDA,sell,241.07182750530419,87.79207611083984
2024-03-14,QCOM,sell,132.97941215150598,160.7664337158203
2024-03-14,TGT,buy,0.6807979709758172,149.8385772705078
2024-03-14,MU,buy,236.66300918404346,90.69163513183594
2024-03-14,GE,buy,161.01219630085578,131.10455322265625
2024-03-14,AMAT,buy,0.0,196.85302734375
2024-03-14,WFC,sell,13.237290658985273,54.19600296020508
2024-03-21,AMAT,sell,106.96945699851165,206.7079315185547
2024-03-21,TGT,sell,143.24318656185054,155.18246459960938
2024-03-21,WFC,sell,396.03207073926967,54.649444580078125
2024-03-21,MU,sell,236.66300918404346,108.96287536621094
2024-03-21,GE,buy,4.380713409367985,138.88040161132812
2024-03-21,LOW,buy,92.4362145696847,248.49388122558597
2024-03-21,FCX,buy,512.5002684724077,44.81916427612305
2024-03-21,BAC,buy,644.938530033252,35.61553955078125
2024-03-21,CAT,buy,64.81900681778676,352.9481811523437
2024-03-28,LOW,sell,92.4362145696847,242.5243225097656
2024-03-28,FCX,sell,512.5002684724077,45.5752067565918
2024-03-28,CAT,sell,64.81900681778676,354.7585754394531
2024-03-28,GE,buy,0.9990202020123888,138.0076904296875
2024-03-28,C,buy,389.21339233469376,58.99942398071289
2024-03-28,NEE,buy,383.20945718036415,59.92379760742188
2024-03-28,MU,buy,193.39542200222186,117.0508270263672
2024-03-28,BAC,sell,7.152812625337674,36.00482940673828
2024-04-05,GE,sell,166.39192991223615,153.97915649414062
2024-04-05,BAC,sell,637.7857174079144,35.235740661621094
2024-04-05,C,sell,389.21339233469376,57.46939468383789
2024-04-05,MU,sell,193.39542200222186,122.7003402709961
2024-04-05,CAT,buy,63.999509719276595,367.2186584472656
2024-04-05,NEE,buy,7.335597002044949,60.17695999145508
2024-04-05,JPM,buy,124.714927596366,188.44427490234372
2024-04-05,FCX,buy,490.13245298420577,47.94992446899414
2024-04-05,MS,buy,271.4888753471002,86.21915435791016
2024-04-12,NEE,sell,390.5450541824091,59.14556884765625
2024-04-12,CAT,sell,63.999509719276595,353.9841613769531
2024-04-12,JPM,sell,124.714927596366,174.452880859375
2024-04-12,MS,sell,271.4888753471002,80.36369323730469
2024-04-12,FCX,sell,20.616455610814228,48.092098236083984
2024-04-12,GE,buy,147.9638077029539,152.60494995117188
2024-04-12,MU,buy,185.61777949788248,121.64788055419922
2024-04-12,AMAT,buy,110.78134731648585,203.82501220703125
2024-04-12,LRCX,buy,239.4975179792826,93.9038314819336
2024-04-19,MU,sell,185.61777949788248,106.0099868774414
2024-04-19,AMAT,sell,110.78134731648585,186.086181640625
2024-04-19,LRCX,sell,239.4975179792826,85.3880615234375
2024-04-19,FCX,sell,34.057148240402114,48.22819519042969
2024-04-19,GE,sell,4.237743340767452,146.12098693847656
2024-04-19,WFC,buy,368.3735032743322,57.01114273071289
2024-04-19,NEM,buy,559.0351691626151,37.56721496582031
2024-04-19,GOOG,buy,135.64748498835758,154.3590850830078
2024-04-26,FCX,sell,435.4588491329894,49.09340286254883
2024-04-26,WFC,sell,368.3735032743322,56.595481872558594
2024-04-26,NEM,sell,16.44809034710579,41.13908004760742
2024-04-26,GOOGL,buy,130.9651772369791,170.43869018554688
2024-04-26,GE,sell,4.411375003873957,160.2238311767578
2024-04-26,PANW,buy,145.80177746456974,145.7100067138672
2024-04-26,GOOG,sell,6.000784771357246,172.17201232910156
2024-05-03,NEM,sell,542.5870788155094,39.146141052246094
2024-05-03,GOOGL,sell,130.9651772369791,165.7700958251953
2024-05-03,PANW,buy,2.549681155602343,148.10499572753906
2024-05-03,TSLA,buy,121.26271786005418,181.19000244140625
2024-05-03,NEE,buy,328.2935210401819,65.76521301269531
2024-05-03,GOOG,buy,0.0,167.51309204101562
2024-05-03,GE,sell,3.654751139121771,161.96080017089844
2024-05-10,GE,sell,135.6599382191907,161.2403564453125
2024-05-10,GOOG,sell,129.64670021700033,168.8017120361328
2024-05-10,PANW,sell,148.35145862017208,148.73500061035156
2024-05-10,TSLA,sell,121.26271786005418,168.47000122070312
2024-05-10,NEE,sell,11.594729796317438,69.18756103515625
2024-05-10,GS,buy,50.49080973442126,433.9723815917969
2024-05-10,TXN,buy,124.59639379843584,175.8607635498047
2024-05-10,AMGN,buy,76.09516265535204,287.9501953125
2024-05-10,UNH,buy,44.71205955849077,488.10791015625
2024-05-17,NEE,sell,316.69879124386443,71.34410095214844
2024-05-17,GS,sell,50.49080973442126,446.3694458007813
2024-05-17,AMGN,sell,76.09516265535204,292.16461181640625
2024-05-17,UNH,sell,44.71205955849077,499.3585510253906
2024-05-17,TXN,sell,1.842528632929401,183.3539886474609
2024-05-17,KLAC,buy,306.1341096075664,73.52140808105469
2024-05-17,QCOM,buy,121.65023154378004,185.0174102783203
2024-05-17,NVDA,buy,243.79979288204788,92.3192367553711
2024-05-17,AVGO,buy,164.2063287273379,136.51986694335938
2024-05-24,TXN,sell,122.75386516550644,187.26513671875
2024-05-24,KLAC,sell,306.1341096075664,76.60708618164062
2024-05-24,QCOM,sell,121.65023154378004,200.7647705078125
2024-05-24,NVDA,sell,243.79979288204788,106.28506469726562
2024-05-24,AVGO,sell,164.2063287273379,137.74778747558594
2024-05-24,PFE,buy,960.2647286473955,24.86688804626465
2024-05-24,AMGN,buy,83.502387116527,285.9654235839844
2024-05-24,PANW,buy,148.49996920936283,160.8000030517578
2024-05-24,NFLX,buy,369.2121279521529,64.67500305175781
2024-05-24,MU,buy,184.80035232754165,128.56826782226562
2024-06-03,PFE,sell,960.2647286473955,25.23713493347168
2024-06-03,AMGN,sell,83.502387116527,287.4428405761719
2024-06-03,PANW,sell,148.49996920936283,147.24000549316406
2024-06-03,NFLX,sell,369.2121279521529,63.37900161743164
2024-06-03,NVDA,buy,203.86378880869168,114.80134582519533
2024-06-03,MU,sell,0.891286763825633,127.25765991210938
2024-06-03,NEE,buy,319.13582107279376,73.33503723144531
2024-06-03,QCOM,buy,118.60665641496054,197.32313537597656
2024-06-03,LLY,buy,28.47448421711187,818.6370849609375
2024-06-10,NEE,sell,319.13582107279376,72.63670349121094
2024-06-10,LLY,sell,28.47448421711187,851.8646850585938
2024-06-10,NVDA,sell,5.415999183103878,121.57960510253906
2024-06-10,MU,sell,3.6674248160151137,133.86032104492188
2024-06-10,QCOM,buy,1.6567238550610313,200.6197052001953
2024-06-10,WMT,buy,367.94513554607636,65.57283020019531
2024-06-10,COST,buy,28.736206188243866,837.9199829101562
2024-06-17,QCOM,sell,120.26338027002157,212.9529571533203
2024-06-17,WMT,sell,367.94513554607636,66.02330017089844
2024-06-17,COST,sell,28.736206188243866,857.24951171875
2024-06-17,NVDA,sell,4.2928170372524335,130.7644805908203
2024-06-17,ORCL,buy,184.13339097665062,137.8814239501953
2024-06-17,SHOP,buy,381.6683016517404,66.5199966430664
2024-06-17,MU,sell,7.268686261659468,146.7777099609375
2024-06-17,ADBE,buy,48.79601912819072,518.739990234375
2024-06-25,ADBE,sell,48.79601912819072,526.8800048828125
2024-06-25,NVDA,buy,3.037006082526318,125.88251495361328
2024-06-25,AVGO,buy,159.98243844803577,155.16091918945312
2024-06-25,ORCL,sell,1.3334278393154477,135.79336547851562
2024-06-25,SHOP,buy,1.521304268730205,64.77999877929688
2024-06-25,MU,buy,4.003565801370674,140.11544799804688
2024-07-02,MU,sell,176.97652028741211,131.64617919921875
2024-07-02,SHOP,sell,383.1896059204706,66.05999755859375
2024-07-02,AMAT,buy,105.10313057364169,236.61502075195312
2024-07-02,AVGO,sell,7.119734587622304,162.68833923339844
2024-07-02,NVDA,buy,5.872899622426587,122.46814727783205
2024-07-02,ORCL,sell,4.914873100192409,139.80361938476562
2024-07-02,ISRG,buy,56.55875566617422,438.80999755859375
2024-07-10,ORCL,sell,177.88509003714276,138.62298583984375
2024-07-10,AVGO,sell,152.86270386041346,171.24835205078125
2024-07-10,ISRG,sell,56.55875566617422,444.739990234375
2024-07-10,NVDA,sell,10.521184222998698,134.68801879882812
2024-07-10,AMAT,sell,1.5670929285275008,250.47634887695312
2024-07-10,INTC,buy,748.4324615398107,34.65019226074219
2024-07-10,INTU,buy,41.707140159178245,621.7958984375
2024-07-10,MS,buy,265.57287661268566,97.3577117919922
2024-07-17,NVDA,sell,192.54369407028958,117.79583740234376
2024-07-17,AMAT,sell,103.53603764511419,216.1914520263672
2024-07-17,INTC,sell,748.4324615398107,34.242774963378906
2024-07-17,INTU,sell,41.707140159178245,647.410888671875
2024-07-17,MS,sell,265.57287661268566,100.65127563476562
2024-07-17,NEM,buy,532.2776420766172,46.75182723999024
2024-07-17,C,buy,391.1231510399234,63.62434005737305
2024-07-17,GS,buy,51.61175514193707,482.15667724609375
2024-07-17,BAC,buy,592.3191265697109,42.01274490356445
2024-07-17,UNH,buy,45.185208708454454,547.97998046875
2024-07-24,C,sell,391.1231510399234,59.90719985961914
2024-07-24,GS,sell,51.61175514193707,467.2939147949219
2024-07-24,TSLA,buy,111.29069539026666,215.9900054931641
2024-07-24,BAC,buy,4.107654454174053,40.30281448364258
2024-07-24,UNH,sell,0.25891617658015775,535.0469970703125
2024-07-24,NEM,sell,11.978885518031348,46.19976043701172
2024-07-24,COF,buy,169.17936215494151,141.79898071289062
2024-07-31,NEM,sell,520.2987565585859,47.52666473388672
2024-07-31,BAC,sell,596.4267810238849,38.50691223144531
2024-07-31,UNH,sell,44.926292531874296,550.7327270507812
2024-07-31,TSLA,sell,111.29069539026666,232.07000732421875
2024-07-31,COF,sell,169.17936215494151,146.63185119628906
2024-07-31,SHW,buy,71.57105785387652,343.91363525390625
2024-07-31,RTX,buy,218.0312328214787,112.8932876586914
2024-07-31,PM,buy,230.17131349834878,106.93888092041016
2024-07-31,LOW,buy,104.29673870750713,236.00222778320312
2024-07-31,DHR,buy,89.51200557693366,273.60858154296875
2024-08-07,LOW,sell,104.29673870750713,222.62132263183597
2024-08-07,DHR,sell,89.51200557693366,260.0111083984375
2024-08-07,RTX,sell,1.077607802279374,109.68397521972656
2024-08-07,SHW,sell,0.11946201979517923,333.0413513183594
2024-08-07,TMO,buy,40.79380569859527,583.3320922851562
2024-08-07,PM,sell,8.763661707509499,107.47747802734376
2024-08-07,NEE,buy,324.4655698620785,73.19348907470703
2024-08-14,SHW,sell,71.45159583408135,345.23712158203125
2024-08-14,TMO,sell,40.79380569859527,597.9606323242188
2024-08-14,NEE,sell,324.4655698620785,73.61814880371094
2024-08-14,LMT,buy,45.50318596520501,534.3356323242188
2024-08-14,RTX,sell,1.8752555791404575,113.04704284667967
2024-08-14,ISRG,buy,51.599019728770465,471.2099914550781
2024-08-14,PM,buy,1.9980924017212942,108.833251953125
2024-08-14,ABBV,buy,134.12800161381156,180.72923278808597
2024-08-21,RTX,sell,215.07836944005888,113.27523040771484
2024-08-21,PM,sell,223.40574419256058,111.43335723876952
2024-08-21,LMT,sell,45.50318596520501,525.36083984375
2024-08-21,ISRG,sell,51.599019728770465,487.4200134277344
2024-08-21,PANW,buy,136.75954023753212,179.875
2024-08-21,NVDA,buy,191.7522920637954,128.28854370117188
2024-08-21,LLY,buy,26.20259278152912,938.823974609375
2024-08-21,ABBV,sell,0.4596867512356084,184.0348052978516
2024-08-21,AVGO,buy,150.57342223081577,162.7197723388672
2024-08-28,ABBV,sell,133.66831486257595,182.9766387939453
2024-08-28,PANW,sell,136.75954023753212,175.22000122070312
2024-08-28,NVDA,sell,191.7522920637954,125.40330505371094
2024-08-28,AVGO,sell,150.57342223081577,155.2600555419922
2024-08-28,KO,buy,355.10975827667846,67.79138946533203
2024-08-28,NKE,buy,305.1611028176105,78.88745880126953
2024-08-28,MO,buy,519.9940175095328,46.295501708984375
2024-08-28,NFLX,buy,344.0811366756378,68.38400268554688
2024-08-28,LLY,sell,0.47865325136594805,935.8358154296876
2024-09-05,LLY,sell,25.72393953016317,900.1456298828125
2024-09-05,KO,sell,355.10975827667846,67.2433853149414
2024-09-05,NKE,sell,305.1611028176105,77.36339569091797
2024-09-05,MO,sell,519.9940175095328,47.20888137817383
2024-09-05,NFLX,sell,344.0811366756378,68.36199951171875
2024-09-05,PYPL,buy,333.7289532383103,71.41154479980469
2024-09-05,ORCL,buy,170.78706427634867,139.5427703857422
2024-09-05,WMT,buy,315.32082506298235,75.58048248291016
2024-09-05,NEM,buy,471.5349181241075,50.54153823852539
2024-09-05,BKNG,buy,159.31000904079048,148.84954833984375
2024-09-12,PYPL,sell,333.7289532383103,69.7558822631836
2024-09-12,NEM,sell,471.5349181241075,51.46614837646485
2024-09-12,BKNG,sell,159.31000904079048,152.69866943359375
2024-09-12,GILD,buy,314.6122276299124,78.51640319824219
2024-09-12,ORCL,sell,14.35384077783661,157.90904235839844
2024-09-12,IBM,buy,123.15322422474593,200.5811920166016
2024-09-12,WMT,buy,0.4347287424719184,78.23210144042969
2024-09-12,T,buy,1250.5789251193692,19.69337272644043
2024-09-19,WMT,sell,315.75555380545427,76.64112854003906
2024-09-19,IBM,sell,123.15322422474593,202.74234008789065
2024-09-19,T,sell,1250.5789251193692,19.48357582092285
2024-09-19,GILD,sell,3.584599327031924,79.95541381835938
2024-09-19,ORCL,sell,4.783569020009622,163.98548889160156
2024-09-19,NOW,buy,135.26430189998314,183.8500061035156
2024-09-19,TSLA,buy,101.95286535167656,243.9199981689453
2024-09-19,BLK,buy,27.504311076595204,901.4505004882812
2024-09-26,ORCL,sell,151.64965447850244,164.48452758789062
2024-09-26,GILD,sell,311.0276283028805,79.1358413696289
2024-09-26,NOW,sell,135.26430189998314,176.9720001220703
2024-09-26,BLK,sell,27.504311076595204,911.2376098632812
2024-09-26,TSLA,sell,4.024402975868341,254.22000122070312
2024-09-26,FCX,buy,491.88508161769386,50.61217498779297
2024-09-26,MU,buy,227.99365365443887,109.19327545166016
2024-09-26,PYPL,buy,313.5736948288657,79.39241790771484
2024-09-26,AMD,buy,148.04371175626594,167.49000549316406
2024-10-03,TSLA,sell,97.92846237580822,240.66000366210935
2024-10-03,FCX,sell,491.88508161769386,48.52567672729492
2024-10-03,PYPL,sell,313.5736948288657,76.64620208740234
2024-10-03,AMD,sell,148.04371175626594,162.85000610351562
2024-10-03,INTC,buy,1066.0278607631565,22.26000022888184
2024-10-03,MU,buy,6.528238880752582,101.18364715576172
2024-10-03,ORCL,buy,145.3396768552023,163.27117919921875
2024-10-03,AMAT,buy,120.79413338456341,196.4481201171875
2024-10-03,NVDA,buy,192.6835829534297,122.65834045410156
2024-10-10,ORCL,sell,145.3396768552023,172.02325439453125
2024-10-10,AMAT,sell,120.79413338456341,200.74935913085935
2024-10-10,NVDA,sell,192.6835829534297,134.59967041015625
2024-10-10,INTC,buy,7.175481843582247,23.21999931335449
2024-10-10,MU,buy,2.4759310844773097,105.14772033691406
2024-10-10,CAT,buy,64.396230647845,386.9757690429688
2024-10-10,PYPL,buy,318.2526823594622,78.30187225341797
2024-10-10,APD,buy,82.59424315180587,300.8034362792969
2024-10-17,MU,sell,236.99782361966876,111.4750747680664
2024-10-17,INTC,sell,1073.2033426067387,22.440000534057617
2024-10-17,CAT,sell,64.396230647845,384.8781433105469
2024-10-17,PYPL,sell,318.2526823594622,79.13465881347656
2024-10-17,WFC,buy,410.2674528821005,61.63510894775391
2024-10-17,NVDA,buy,184.9586998761638,136.7163543701172
2024-10-17,APD,sell,2.150408549202325,314.342041015625
2024-10-17,MS,buy,222.97622810925787,113.40616607666016
2024-10-17,IBM,buy,114.09567987137955,220.74264526367188
2024-10-24,APD,sell,80.44383460260354,307.9647827148437
2024-10-24,WFC,sell,410.2674528821005,62.64034271240234
2024-10-24,NVDA,sell,184.9586998761638,140.19094848632812
2024-10-24,IBM,sell,114.09567987137955,207.00782775878903
2024-10-24,MS,sell,1.586361504345632,113.14981842041016
2024-10-24,BAC,buy,610.8639155788385,41.00786209106445
2024-10-24,GILD,buy,296.08105417793377,84.60596466064453
2024-10-24,PM,buy,200.87906961301448,124.7030029296875
2024-10-24,NOW,buy,130.4128935231032,191.3159942626953
2024-10-31,BAC,sell,610.8639155788385,40.20981597900391
2024-10-31,GILD,sell,296.08105417793377,84.64408874511719
2024-10-31,PM,sell,200.87906961301448,124.6091079711914
2024-10-31,NOW,sell,130.4128935231032,186.59800720214844
2024-10-31,NVDA,buy,186.52180637073604,132.55287170410156
2024-10-31,APD,buy,83.2731158957741,296.9025573730469
2024-10-31,COF,buy,156.1174229820207,158.36798095703125
2024-10-31,MS,buy,0.848360499991685,111.24999237060548
2024-10-31,WFC,buy,396.20650559442714,62.15208435058594
2024-11-07,NVDA,sell,186.52180637073604,148.6477508544922
2024-11-07,APD,sell,83.2731158957741,299.0920104980469
2024-11-07,COF,sell,6.503621900021898,179.799560546875
2024-11-07,WFC,buy,6.2354894496148745,66.8431625366211
2024-11-07,GS,buy,47.843178265466975,562.2639770507812
2024-11-07,MS,sell,3.3850206458153878,122.91570281982422
2024-11-07,AMZN,buy,127.80911497447795,210.0500030517578
2024-11-14,MS,sell,218.85320645908854,126.73409271240234
2024-11-14,GS,sell,47.843178265466975,568.4837646484375
2024-11-14,AMZN,sell,127.80911497447795,211.47999572753903
2024-11-14,COF,buy,3.6790553757073496,178.60659790039062
2024-11-14,WFC,sell,11.856971527608493,70.09770965576172
2024-11-14,CRM,buy,83.61129951916622,327.4571228027344
2024-11-14,SHOP,buy,251.0003219173864,109.08000183105467
2024-11-14,NOW,buy,131.25774966025418,207.9600067138672
2024-11-21,NOW,sell,131.25774966025418,209.41000366210935
2024-11-21,DIS,buy,244.94055302462127,112.10562133789062
2024-11-21,SHOP,buy,0.0,106.4800033569336
2024-11-21,CRM,sell,0.723441033925738,331.534912109375
2024-11-21,WFC,sell,9.19263631755183,72.05235290527344
2024-11-21,COF,buy,0.8693164716153206,178.25526428222656
2024-11-29,COF,sell,154.16217292932149,187.4002685546875
2024-11-29,WFC,sell,381.3923871988817,73.34261322021484
2024-11-29,DIS,sell,244.94055302462127,114.7929458618164
2024-11-29,SHOP,sell,5.760694219491825,115.5999984741211
2024-11-29,DE,buy,62.26005141831511,455.3433532714844
2024-11-29,GS,buy,48.23335264423757,587.7613525390625
2024-11-29,MS,buy,225.08809469312268,125.94935607910156
2024-11-29,CRM,buy,3.8590896325817092,325.8180847167969
2024-12-06,DE,sell,62.26005141831511,433.93951416015625
2024-12-06,GS,sell,48.23335264423757,582.0445556640625
2024-12-06,MS,sell,225.08809469312268,124.3703384399414
2024-12-06,SHOP,sell,3.4234825543240675,118.37000274658205
2024-12-06,TSLA,buy,73.54138449987185,389.2200012207031
2024-12-06,DIS,buy,250.93209247329827,114.06981658935548
2024-12-06,CRM,sell,6.661069254920918,357.4135437011719
2024-12-06,PYPL,buy,320.26146241153157,89.10828399658203
2024-12-13,CRM,sell,80.08587886290128,349.8306579589844
2024-12-13,TSLA,sell,73.54138449987185,436.2300109863281
2024-12-13,DIS,sell,250.93209247329827,110.7570571899414
2024-12-13,PYPL,sell,320.26146241153157,90.23848724365234
2024-12-13,WMT,buy,311.5576511993299,92.76565551757812
2024-12-13,IBM,buy,131.06563191049796,220.5143280029297
2024-12-13,NFLX,buy,314.5368704894063,91.88700103759766
2024-12-13,SHOP,buy,10.315499604951214,114.62999725341795
2024-12-13,NOW,buy,128.37890504588455,224.22000122070312
2024-12-20,WMT,sell,311.5576511993299,90.78730010986328
2024-12-20,IBM,sell,131.06563191049796,213.3873748779297
2024-12-20,NFLX,sell,314.5368704894063,90.90499877929688
2024-12-20,SHOP,buy,5.481287462532151,108.9499969482422
2024-12-20,TGT,buy,229.02546519782612,122.54937744140624
2024-12-20,NOW,buy,0.22099496887852865,218.25
2024-12-20,NKE,buy,379.2003998352326,74.01608276367188
2024-12-20,LLY,buy,36.89568677893801,758.4118041992188
2024-12-30,SHOP,sell,257.6129322110539,106.69000244140624
2024-12-30,TGT,sell,229.02546519782612,125.87689208984376
2024-12-30,NKE,sell,379.2003998352326,71.81311798095703
2024-12-30,LLY,sell,36.89568677893801,764.4177856445312
2024-12-30,AAPL,buy,111.19786092065723,250.3829498291016
2024-12-30,AMZN,buy,125.81133324923009,221.3000030517578
2024-12-30,NFLX,buy,309.20836332053915,90.04299926757812
2024-12-30,NOW,buy,1.7833972942960088,213.5399932861328
2024-12-30,CRM,buy,83.55696408673408,331.8736572265625
2025-01-07,NOW,sell,130.3832973090591,210.8300018310547
2025-01-07,AAPL,sell,111.19786092065723,240.46495056152344
2025-01-07,AMZN,sell,125.81133324923009,222.1100006103516
2025-01-07,NFLX,sell,309.20836332053915,87.91899871826172
2025-01-07,CRM,sell,83.55696408673408,321.1881408691406
2025-01-07,AVGO,buy,120.65394626099223,225.7607879638672
2025-01-07,ABBV,buy,160.74135833830204,169.4581298828125
2025-01-07,C,buy,385.686922483939,70.62445831298828
2025-01-07,DHR,buy,115.12110726237347,236.611083984375
2025-01-07,GOOGL,buy,139.36451020114635,194.4742126464844
2025-01-15,AVGO,sell,120.65394626099223,225.12884521484372
2025-01-15,ABBV,sell,160.74135833830204,163.2622528076172
2025-01-15,DHR,sell,115.12110726237347,235.4928436279297
2025-01-15,GOOGL,sell,139.36451020114635,194.53390502929688
2025-01-15,UBER,buy,407.5285520754691,67.0199966430664
2025-01-15,C,sell,21.636377235047973,75.02409362792969
2025-01-15,ISRG,buy,47.08169637090369,580.1099853515625
2025-01-15,GE,buy,152.76779151057062,178.78482055664062
2025-01-15,WFC,buy,371.9824319528757,73.13078308105469
2025-01-23,UBER,sell,407.5285520754691,68.30000305175781
2025-01-23,WFC,sell,371.9824319528757,74.55584716796875
2025-01-23,C,buy,0.5481204671914952,78.58024597167969
2025-01-23,GE,sell,8.886034747920974,199.12359619140625
2025-01-23,COF,buy,143.87588034647655,199.13172912597656
2025-01-23,MU,buy,273.7180630914123,104.43758392333984
2025-01-30,ISRG,sell,47.08169637090369,580.1799926757812
2025-01-30,GE,sell,143.88175676264964,203.85379028320312
2025-01-30,MU,sell,273.7180630914123,92.14495086669922
2025-01-30,IBM,buy,112.83989146601859,246.73870849609372
2025-01-30,SBUX,buy,266.97507367673325,104.28677368164062
2025-01-30,C,sell,9.766643970069993,78.4652099609375
2025-01-30,KLAC,buy,366.3435962414485,73.34165954589844
2025-01-30,COF,sell,4.462166605348813,199.70753479003903
2025-02-06,C,sell,354.8320217460125,79.46219635009766
2025-02-06,COF,sell,139.41371374112774,201.67904663085935
2025-02-06,KLAC,sell,366.3435962414485,75.25711822509766
2025-02-06,SBUX,sell,3.802796914946498,106.87001037597656
2025-02-06,IBM,buy,3.3203423770222287,242.12437438964844
2025-02-06,GE,buy,137.63955396158872,204.33969116210935
2025-02-06,PM,buy,203.84270933793175,137.97512817382812
2025-02-06,WFC,buy,357.67021258461625,78.3977279663086
2025-02-13,SBUX,sell,263.17227676178675,108.11382293701172
2025-02-13,GE,sell,137.63955396158872,206.62046813964844
2025-02-13,WFC,sell,357.67021258461625,76.29795837402344
2025-02-13,PM,sell,3.322482718606068,141.64002990722656
2025-02-13,UBER,buy,353.7388288891215,80.29000091552734
2025-02-13,NFLX,buy,272.12764325096595,104.36900329589844
2025-02-13,IBM,sell,2.2195414146360264,249.26731872558597
2025-02-13,SHOP,buy,221.82944038730824,127.6500015258789
2025-02-21,UBER,sell,353.7388288891215,78.88999938964844
2025-02-21,NFLX,sell,272.12764325096595,100.31500244140624
2025-02-21,INTC,buy,1116.9093286275358,24.8700008392334
2025-02-21,GILD,buy,259.0561908055677,105.6613540649414
2025-02-21,IBM,sell,3.479896876545368,251.4696350097656
2025-02-21,SHOP,buy,7.565020463948553,115.55999755859376
2025-02-21,PM,sell,11.036906605568845,146.59620666503906
2025-02-28,IBM,sell,110.46079555185942,242.77572631835935
2025-02-28,SHOP,sell,229.39446085125678,112.0
2025-02-28,INTC,buy,37.95210415621409,23.729999542236328
2025-02-28,PM,sell,3.601599010864618,147.4317169189453
2025-02-28,GILD,sell,9.583836804137462,109.8512954711914
2025-02-28,COST,buy,26.357665308422423,1039.730224609375
2025-02-28,UBER,buy,359.82089453586013,76.01000213623047
2025-03-07,PM,sell,185.88172100289222,143.320556640625
2025-03-07,INTC,sell,1154.86143278375,20.63999938964844
2025-03-07,COST,sell,26.357665308422423,956.1441650390624
2025-03-07,UBER,sell,359.82089453586013,76.2699966430664
2025-03-07,GILD,sell,16.786189590849602,112.83037567138672
2025-03-07,ABBV,buy,128.58580202078917,204.17547607421875
2025-03-07,KO,buy,383.45521509742787,68.46710205078125
2025-03-07,VZ,buy,628.7175765700805,41.75812530517578
2025-03-07,T,buy,1030.5791287782217,25.37321281433105
2025-03-14,KO,sell,383.45521509742787,66.78047943115234
2025-03-14,T,sell,1030.5791287782217,24.867992401123047
2025-03-14,MU,buy,253.19900511360893,100.40312957763672
2025-03-14,VZ,buy,14.865601050236933,39.50067901611328
2025-03-14,MO,buy,472.6201990648498,53.26766204833984
2025-03-14,GILD,buy,0.0,107.8448715209961
2025-03-14,ABBV,sell,2.5937497704187393,201.7744140625
2025-03-21,GILD,sell,232.68616441058066,103.62552642822266
2025-03-21,VZ,sell,643.5831776203174,39.88146209716797
2025-03-21,MU,sell,253.19900511360893,94.3564453125
2025-03-21,MO,sell,472.6201990648498,52.0831298828125
2025-03-21,ABBV,sell,2.0329295804739473,200.0974884033203
2025-03-21,CVX,buy,160.15674370053742,154.87271118164062
2025-03-21,AMGN,buy,82.03356090893399,302.3629455566406
2025-03-21,GE,buy,122.30576991916514,202.8024444580078
2025-03-21,NEM,buy,529.6572608976261,46.64337921142578
2025-03-28,ABBV,sell,123.95912266989649,195.60028076171875
2025-03-28,AMGN,sell,82.03356090893399,293.6663818359375
2025-03-28,GE,sell,122.30576991916514,198.580078125
2025-03-28,PM,buy,165.13550511254957,148.61814880371094
2025-03-28,T,buy,930.8625109041978,26.364938735961918
2025-03-28,CVX,sell,2.968755890191744,156.1323699951172
2025-03-28,MO,buy,447.0715108654212,53.52751922607422
2025-03-28,NEM,sell,11.371162326049557,47.352481842041016
2025-04-04,CVX,sell,157.18798781034567,134.68991088867188
2025-04-04,NEM,sell,518.2860985715765,43.511497497558594
2025-04-04,PM,sell,6.597817202816316,144.2695770263672
2025-04-04,MO,sell,3.922920685411839,51.61285781860352
2025-04-04,T,sell,13.190794791282315,24.92412567138672
2025-04-04,TJX,buy,190.73563056361064,119.91553497314452
2025-04-04,COST,buy,25.119655485118532,908.7191772460938
2025-04-11,PM,sell,158.53768790973325,147.40170288085938
2025-04-11,T,sell,917.6717161129155,25.33049774169922
2025-04-11,MO,sell,443.14859018000936,52.146751403808594
2025-04-11,TJX,sell,3.5876379174705733,125.7954559326172
2025-04-11,COST,sell,0.4744579519724681,955.251708984375
2025-04-11,CL,buy,259.69738762267474,90.653076171875
2025-04-11,UNH,buy,40.60999747954581,579.718505859375
2025-04-11,MCD,buy,78.01755667898897,300.8524780273437
2025-04-21,CL,sell,259.69738762267474,91.83895111083984
2025-04-21,UNH,sell,40.60999747954581,411.3161315917969
2025-04-21,MCD,sell,78.01755667898897,299.7069091796875
2025-04-21,NEM,buy,405.03157185031455,54.37459182739258
2025-04-21,COST,sell,1.4543324576704748,949.6595458984376
2025-04-21,TJX,sell,6.186212395327772,121.70208740234376
2025-04-21,WMT,buy,241.4732908910989,91.20439910888672
2025-04-21,KMB,buy,165.98091811791002,132.28863525390625
2025-04-28,TJX,sell,180.9617802508123,124.79419708251952
2025-04-28,COST,sell,23.19086507547559,970.253662109375
2025-04-28,KMB,sell,165.98091811791002,123.62804412841795
2025-04-28,NFLX,buy,197.8884501807792,111.03800201416016
2025-04-28,NEM,buy,7.595212963935182,53.25184631347656
2025-04-28,PM,buy,135.60529821554428,162.03746032714844
2025-04-28,NOW,buy,113.01134096612593,187.48199462890625
2025-04-28,WMT,sell,7.661127165862297,93.9777374267578
2025-05-05,NEM,sell,412.62678481424973,52.237430572509766
2025-05-05,WMT,sell,233.81216372523662,98.03411865234376
2025-05-05,PM,sell,135.60529821554428,165.88796997070312
2025-05-05,NOW,sell,113.01134096612593,195.6100006103516
2025-05-05,SHOP,buy,228.17427182887172,98.37999725341795
2025-05-05,AVGO,buy,112.92089889799463,198.7921142578125
2025-05-05,UBER,buy,262.762310144403,85.43000030517578
2025-05-05,GE,buy,107.73829399192698,207.5811462402344
2025-05-12,AVGO,sell,112.92089889799463,219.4517517089844
2025-05-12,UBER,sell,262.762310144403,88.0999984741211
2025-05-12,GE,sell,107.73829399192698,217.52603149414065
2025-05-12,BA,buy,118.0066016217764,198.52999877929688
2025-05-12,SHOP,sell,3.640523523453055,104.33999633789062
2025-05-12,C,buy,321.4631106891375,72.87881469726562
2025-05-12,NFLX,buy,13.173265818502273,111.0
2025-05-12,MU,buy,253.71812927993366,92.0554656982422
2025-05-19,NFLX,sell,211.06171599928146,119.16400146484376
2025-05-19,BA,sell,118.0066016217764,205.25
2025-05-19,C,sell,321.4631106891375,74.06571960449219
2025-05-19,MU,sell,4.4408760841587025,98.3992919921875
2025-05-19,AVGO,buy,107.38665293918567,228.4148406982422
2025-05-19,LRCX,buy,294.9872717158312,83.15174102783203
2025-05-19,DIS,buy,221.44249307090192,110.58039093017578
2025-05-19,SHOP,buy,0.0,109.0999984741211
2025-05-27,SHOP,sell,224.53374830541867,106.73999786376952
2025-05-27,AVGO,sell,107.38665293918567,233.3865966796875
2025-05-27,DIS,sell,221.44249307090192,110.28592681884766
2025-05-27,MU,buy,4.489555772031025,96.1350555419922
2025-05-27,MSFT,buy,53.478569919317344,456.18060302734375
2025-05-27,INTU,buy,32.851924257941235,742.6014404296875
2025-05-27,UBER,buy,271.3992920724185,89.0
2025-05-27,LRCX,sell,2.0167296962786168,83.27078247070312
2025-06-03,LRCX,sell,292.97054201955257,82.9930191040039
2025-06-03,MSFT,sell,53.478569919317344,458.4382934570313
2025-06-03,UBER,sell,271.3992920724185,82.52999877929688
2025-06-03,INTU,sell,0.5170818123529273,755.1432495117188
2025-06-03,BA,buy,114.40490481533784,213.42999267578125
2025-06-03,AVGO,buy,95.98692266353076,254.38296508789065
2025-06-03,MU,sell,14.357025618817488,101.99014282226562
2025-06-03,CSCO,buy,388.40607586963523,62.67745971679688
2025-06-10,MU,sell,239.4097833489885,113.84992980957033
2025-06-10,BA,sell,114.40490481533784,215.72999572753903
2025-06-10,AVGO,sell,95.98692266353076,242.2803649902344
2025-06-10,CSCO,sell,388.40607586963523,63.446815490722656
2025-06-10,AMD,buy,201.51237771811512,123.23999786376952
2025-06-10,KLAC,buy,292.11986307954317,85.01436614990234
2025-06-10,INTU,buy,0.6626121357447801,752.6151733398438
2025-06-10,GE,buy,103.29319527751662,240.4261474609375
2025-06-10,PM,buy,144.24042669982052,171.4817352294922
2025-06-17,KLAC,sell,292.11986307954317,88.62796020507812
2025-06-17,GE,sell,103.29319527751662,234.2167816162109
2025-06-17,AMD,sell,3.2944631519846723,127.0999984741211
2025-06-17,NEM,buy,435.08826462368665,57.904335021972656
2025-06-17,INTU,buy,0.35461497015472077,755.3803100585938
2025-06-17,PM,sell,0.8715256378432343,175.7249755859375
2025-06-17,AVGO,buy,101.80336740163806,246.9748077392578
2025-06-25,INTU,sell,33.35206955148781,748.4279174804688
2025-06-25,AMD,sell,198.21791456613045,143.39999389648438
2025-06-25,PM,sell,143.36890106197728,172.02772521972656
2025-06-25,NEM,sell,435.08826462368665,57.44917678833008
2025-06-25,AVGO,sell,2.9994899224659974,262.7250061035156
2025-06-25,ORCL,buy,124.85714505044713,207.90359497070312
2025-06-25,IBM,buy,92.12242834935353,281.7799072265625
2025-06-25,CSCO,buy,390.8943183663595,66.40733337402344
2025-06-25,TXN,buy,130.07953240864973,198.7589263916016
2025-07-02,AVGO,sell,98.80387747917206,267.9367980957031
2025-07-02,ORCL,sell,124.85714505044713,226.9061584472656
2025-07-02,IBM,sell,92.12242834935353,278.4786071777344
2025-07-02,CSCO,sell,390.8943183663595,66.79686737060547
2025-07-02,TXN,sell,130.07953240864973,208.6397399902344
2025-07-02,C,buy,316.8165129207629,84.40750122070312
2025-07-02,JPM,buy,93.78278150213613,285.1449890136719
2025-07-02,MU,buy,220.2219856794756,121.43061065673828
2025-07-02,CAT,buy,67.96991700852476,393.4342041015625
2025-07-02,KLAC,buy,291.06295239858423,91.41681671142578
2025-07-10,JPM,sell,93.78278150213613,282.7802124023437
2025-07-10,MU,sell,220.2219856794756,122.91272735595705
2025-07-10,KLAC,sell,291.06295239858423,92.16316223144533
2025-07-10,NKE,buy,370.8253967287481,72.62704467773438
2025-07-10,GS,buy,38.743947409540176,695.126708984375
2025-07-10,CAT,sell,1.1760698533296505,403.2100830078125
2025-07-10,C,buy,1.081543610887195,84.71883392333984
2025-07-10,WFC,buy,335.0876670325949,80.13158416748047
2025-07-17,CAT,sell,66.79384715519511,412.8280029296875
2025-07-17,NKE,sell,370.8253967287481,71.03084564208984
2025-07-17,WFC,sell,335.0876670325949,77.55329132080078
2025-07-17,SHOP,buy,213.806159805054,126.75
2025-07-17,C,sell,18.669057073705744,90.56585693359376
2025-07-17,BA,buy,117.31571755537053,231.0
2025-07-17,BLK,buy,25.030090180241633,1082.694091796875
2025-07-17,GS,buy,0.304950621360655,691.9114379882812
2025-07-24,GS,sell,39.04889803090083,704.9882202148438
2025-07-24,SHOP,sell,213.806159805054,122.08000183105467
2025-07-24,BLK,sell,25.030090180241633,1095.41748046875
2025-07-24,ORCL,buy,113.24752839702414,240.09349060058597
2025-07-24,BA,buy,0.2524663527240705,231.2700042724609
2025-07-24,C,sell,6.2444117909452075,92.80349731445312
2025-07-24,PEP,buy,195.60247355033172,139.0063934326172
2025-07-24,RTX,buy,178.0178562491124,152.27914428710938
2025-07-31,BA,sell,117.5681839080946,221.83999633789065
2025-07-31,PEP,sell,195.60247355033172,132.6673583984375
2025-07-31,RTX,sell,178.0178562491124,154.58462524414062
2025-07-31,AMD,buy,152.76892863656042,176.30999755859375
2025-07-31,ORCL,sell,5.899610379281484,250.91021728515625
2025-07-31,GE,buy,99.86526199185222,269.7102966308594
2025-07-31,AVGO,buy,92.38012256533077,291.5636901855469
2025-07-31,C,buy,1.5953035737915768,91.15930938720705
2025-08-07,C,sell,294.5798912407907,89.34002685546875
2025-08-07,AMD,buy,2.6954644164427464,172.39999389648438
2025-08-07,AVGO,sell,3.4992889153318743,301.5505065917969
2025-08-07,GE,sell,0.8351409751491303,270.6455383300781
2025-08-07,NVDA,buy,148.4635589128569,180.5295562744141
2025-08-07,ORCL,buy,1.2355899075080714,246.5795745849609
2025-08-14,ORCL,sell,108.58350792525073,242.19949340820312
2025-08-14,AMD,sell,155.46439305300316,180.9499969482422
2025-08-14,GE,sell,99.03012101670309,268.3373107910156
2025-08-14,AVGO,sell,88.88083364999889,308.9661865234375
2025-08-14,NVDA,sell,148.4635589128569,181.7778778076172
2025-08-14,SHOP,buy,187.7759580077573,144.27000427246094
2025-08-14,NEM,buy,399.8024996278566,67.75955200195312
2025-08-14,MU,buy,216.5689046774747,125.0892333984375
2025-08-14,META,buy,34.750270444567015,779.5748901367188
2025-08-14,LOW,buy,108.70896927230329,247.95611572265625
2025-08-21,MU,sell,216.5689046774747,115.60445404052734
2025-08-21,META,sell,34.750270444567015,736.6854858398438
2025-08-21,SHOP,buy,4.29446083387154,136.67999267578125
2025-08-21,NEM,sell,21.270468881037516,69.35260772705078
2025-08-21,HD,buy,67.76505365536349,387.4000244140625
2025-08-21,INTC,buy,1073.2032575303263,23.5
2025-08-21,LOW,sell,3.911404139134916,250.50375366210935
2025-08-28,SHOP,sell,192.07041884162885,141.5399932861328
2025-08-28,LOW,sell,104.79756513316838,252.35569763183597
2025-08-28,HD,sell,67.76505365536349,396.8974914550781
2025-08-28,INTC,buy,14.585471314925826,24.93000030517578
2025-08-28,NEM,sell,2.9405713905368316,72.20231628417969
2025-08-28,TXN,buy,136.31665372818318,198.9380798339844
2025-08-28,GOOGL,buy,128.5009239339773,211.0379638671875
2025-08-28,GOOG,buy,127.67619425851059,211.7652740478516
2025-09-05,INTC,sell,1087.788728845252,24.489999771118164
2025-09-05,TXN,sell,136.31665372818318,183.1860198974609
2025-09-05,GOOGL,sell,128.5009239339773,234.33151245117188
2025-09-05,LOW,buy,105.89515040200402,264.5355224609375
2025-09-05,AVGO,buy,84.26134256132002,332.4541015625
2025-09-05,NEM,sell,5.14332474447383,75.61930084228516
2025-09-05,BAC,buy,530.9093027898259,48.97987747192383
2025-09-05,GOOG,sell,8.217835236267348,234.5003662109375
2025-09-12,BAC,sell,530.9093027898259,49.77701950073242
2025-09-12,AVGO,sell,3.3179961099562405,357.2523498535156
2025-09-12,NEM,sell,2.9050662914098098,78.67704010009766
2025-09-12,LOW,buy,2.670015799952594,266.3580017089844
2025-09-12,GOOG,buy,0.5759367763213419,240.90782165527344
2025-09-12,TSLA,buy,72.96158729582083,395.9400024414063
2025-09-19,NEM,sell,367.5430683203986,81.12918090820312
2025-09-19,GOOG,sell,120.03429579856459,254.7407073974609
2025-09-19,LOW,sell,108.56516620195661,259.86151123046875
2025-09-19,TSLA,sell,72.96158729582083,426.0700073242188
2025-09-19,AVGO,buy,5.154152616193954,342.43096923828125
2025-09-19,KLAC,buy,283.70223110978475,103.92040252685548
2025-09-19,LRCX,buy,233.57723267101176,126.22142028808594
2025-09-19,AMAT,buy,155.94697785097114,189.0543212890625
2025-09-19,SHOP,buy,191.53825535508696,153.3000030517578
2025-09-26,AVGO,sell,86.09749906755773,332.66571044921875
2025-09-26,SHOP,sell,191.53825535508696,140.25
2025-09-26,MU,buy,187.28008043742688,157.01797485351562
2025-09-26,AMAT,sell,10.94410851824793,202.7983245849609
2025-09-26,LRCX,sell,3.6168724798877747,127.8756866455078
2025-09-26,NEM,buy,339.37308611898635,84.63365936279297
2025-09-26,KLAC,sell,5.911649000354203,105.85794067382812
2025-10-03,NEM,sell,339.37308611898635,86.23201751708984
2025-10-03,MU,sell,16.48083009480476,187.64645385742188
2025-10-03,LRCX,sell,9.37369198399287,145.29379272460938
2025-10-03,INTC,buy,870.2110251125472,36.83000183105469
2025-10-03,AMAT,buy,3.147468034330842,216.3334503173828
2025-10-03,KLAC,buy,14.421032217867488,109.56394958496094
2025-10-10,KLAC,sell,292.21161432729804,97.74768829345705
2025-10-10,MU,sell,170.79925034262212,181.42254638671875
2025-10-10,INTC,sell,870.2110251125472,36.369998931884766
2025-10-10,LRCX,buy,10.127934211701415,130.9049072265625
2025-10-10,SHOP,buy,199.98458992864636,151.02000427246094
2025-10-10,NEM,buy,357.3128906731541,84.52444458007812
2025-10-10,AMAT,sell,3.502947252982068,208.79515075683597
2025-10-10,TSLA,buy,72.81866420431679,413.489990234375
2025-10-17,LRCX,sell,230.71460241883253,141.00901794433594
2025-10-17,AMAT,sell,144.64739011407198,223.7524261474609
2025-10-17,SHOP,sell,199.98458992864636,157.75999450683594
2025-10-17,TSLA,sell,72.81866420431679,439.30999755859375
2025-10-17,AMD,buy,137.8379792597484,233.0800018310547
2025-10-17,JNJ,buy,170.0201117741864,188.9616241455078
2025-10-17,NEM,sell,0.7937395440294495,90.1137466430664
2025-10-17,CAT,buy,61.50199336529773,522.3778076171875
2025-10-17,SO,buy,337.9900399013771,94.67388916015624
2025-10-24,NEM,sell,356.5191511291246,82.76725769042969
2025-10-24,JNJ,sell,170.0201117741864,186.2037506103516
2025-10-24,CAT,sell,61.50199336529773,519.5550537109375
2025-10-24,SO,sell,337.9900399013771,92.81526184082033
2025-10-24,AMD,sell,11.827554556647499,252.9199981689453
2025-10-24,ISRG,buy,58.31650988212318,546.510009765625
2025-10-24,TMO,buy,55.82193456799945,570.9324951171875
2025-10-24,FCX,buy,775.8772683485074,41.07680130004883
2025-10-24,DHR,buy,143.13675728124844,221.7678985595703
2025-10-31,TMO,sell,55.82193456799945,565.8365478515625
2025-10-31,FCX,sell,775.8772683485074,41.40446472167969
2025-10-31,DHR,sell,143.13675728124844,214.18040466308597
2025-10-31,ISRG,buy,0.7532998236050403,534.280029296875
2025-10-31,GOOGL,buy,112.45623748560702,280.6408996582031
2025-10-31,CAT,buy,55.00585883761847,573.7537841796875
2025-10-31,GOOG,buy,109.33149818390946,281.2687072753906
2025-10-31,AMD,sell,2.78763748690902,256.1199951171875
2025-11-07,AMD,sell,123.22278721619189,233.5399932861328
2025-11-07,ISRG,sell,59.06980970572822,560.0
2025-11-07,MU,buy,130.56721140852568,237.6874847412109
2025-11-07,GOOGL,sell,0.9369777044218495,278.2854919433594
2025-11-07,LRCX,buy,195.446807718405,158.78587341308594
2025-11-07,CAT,buy,0.44405184896946537,559.6797485351562
2025-11-07,GOOG,buy,1.617567184865404,279.1528625488281
2025-11-14,GOOGL,sell,111.51925978118517,275.8702392578125
2025-11-14,CAT,sell,55.449910686587934,550.6649169921875
2025-11-14,GOOG,sell,110.94906536877487,276.43817138671875
2025-11-14,MU,sell,130.56721140852568,246.5887908935547
2025-11-14,LRCX,sell,195.446807718405,147.73512268066406
2025-11-14,CSCO,buy,398.1329047823749,76.87909698486328
2025-11-14,AMGN,buy,93.41679610611693,327.6509094238281
2025-11-14,AMD,buy,124.01482315303312,246.80999755859372
2025-11-14,ISRG,buy,55.7007109164115,549.510009765625
2025-11-14,RTX,buy,176.03903328557445,173.00216674804688
2025-11-21,CSCO,sell,398.1329047823749,75.00640106201172
2025-11-21,AMD,sell,124.01482315303312,203.77999877929688
2025-11-21,ISRG,sell,55.7007109164115,561.6099853515625
2025-11-21,RTX,sell,176.03903328557445,167.85910034179688
2025-11-21,MRK,buy,307.4695954601579,95.53186798095705
2025-11-21,GOOGL,buy,98.21335313527706,299.0748596191406
2025-11-21,AMGN,sell,4.614944075243969,330.7717590332031
2025-11-21,CAT,buy,53.69010042208719,547.0867919921875
2025-11-21,GOOG,buy,97.82430953014573,299.0638122558594
2025-12-01,AMGN,sell,88.80185203087296,330.7227783203125
2025-12-01,CAT,sell,53.69010042208719,564.6096801757812
2025-12-01,LLY,buy,28.858346455014367,1052.8037109375
2025-12-01,GOOGL,sell,1.5395387103098415,314.2751159667969
2025-12-01,JNJ,buy,147.08470584639133,202.0894927978516
2025-12-01,MRK,sell,2.1490167539844833,99.50909423828124
2025-12-01,GOOG,sell,1.2207093430521354,314.5035400390625
2025-12-08,GOOG,sell,96.60360018709359,314.0396423339844
2025-12-08,LLY,sell,28.858346455014367,992.793701171875
2025-12-08,JNJ,sell,147.08470584639133,198.4283905029297
2025-12-08,AMAT,buy,111.20712535727785,267.20770263671875
2025-12-08,AVGO,buy,74.49994778461922,398.8647155761719
2025-12-08,MRK,buy,2.0530020402881632,96.6751937866211
2025-12-08,FCX,buy,650.2369242419942,44.68107986450195
2025-12-08,GOOGL,sell,1.8310314933185339,313.31219482421875
2025-12-15,MRK,sell,307.3735807464616,98.8122787475586
2025-12-15,AMAT,sell,111.20712535727785,260.3421630859375
2025-12-15,AVGO,sell,74.49994778461922,337.916259765625
2025-12-15,FCX,sell,35.836085384094645,47.1832160949707
2025-12-15,GOOG,buy,93.84226600140912,308.91632080078125
2025-12-15,GOOGL,sell,0.6660791371394765,307.8193054199219
2025-12-15,SHOP,buy,181.35380945804027,159.85000610351562
2025-12-15,LRCX,buy,176.2494352417408,163.9878692626953
2025-12-22,GOOGL,sell,94.17670379450921,309.3772888183594
2025-12-22,FCX,sell,614.4008388578995,50.28110122680664
2025-12-22,GOOG,sell,93.84226600140912,310.9236755371094
2025-12-22,SHOP,sell,181.35380945804027,169.6699981689453
2025-12-22,LRCX,sell,176.2494352417408,174.92703247070312
2025-12-22,MU,buy,109.1545455179103,276.3197021484375
2025-12-22,GS,buy,33.8753194871202,890.3695068359375
2025-12-22,C,buy,259.26890649661686,116.33308410644533
2025-12-22,TSLA,buy,61.71413833332364,488.7300109863281
2025-12-22,GE,buy,95.72145123816432,313.5223999023437
2025-12-30,GS,sell,33.8753194871202,875.929443359375
2025-12-30,TSLA,sell,61.71413833332364,454.4299926757813
2025-12-30,GE,sell,95.72145123816432,310.9488830566406
2025-12-30,MU,sell,7.027142407128281,292.4621276855469
2025-12-30,ABNB,buy,218.16081228434805,136.91000366210938
2025-12-30,C,sell,0.5923490165566818,115.46619415283205
2025-12-30,FCX,buy,585.1311435693308,51.04564666748047
2025-12-30,NEM,buy,293.6263210139276,101.41746520996094
2026-01-07,MU,sell,102.12740311078201,339.355224609375
2026-01-07,ABNB,sell,218.16081228434805,137.0399932861328
2026-01-07,FCX,sell,585.1311435693308,55.10665893554688
2026-01-07,NEM,buy,2.6411395398918103,107.5407485961914
2026-01-07,C,buy,7.797836210401385,119.56430053710938
2026-01-07,LLY,buy,28.8918324935962,1102.7623291015625
2026-01-07,GE,buy,98.71155879832816,322.76690673828125
2026-01-07,MRK,buy,296.77218022281073,107.03184509277344
2026-01-14,C,sell,266.47439369046157,110.73760986328124
2026-01-14,LLY,sell,28.8918324935962,1068.1297607421875
2026-01-14,GE,sell,98.71155879832816,318.0197448730469
2026-01-14,INTC,buy,648.2026182979976,48.720001220703125
2026-01-14,KLAC,buy,220.96627618876786,142.91969299316406
2026-01-14,AMAT,buy,94.77030866812571,300.81793212890625
2026-01-14,NEM,sell,18.402946662060913,113.65406799316406
2026-01-14,MRK,sell,8.121404620021849,109.40705871582033
2026-01-22,NEM,sell,277.8645138917585,121.16131591796876
2026-01-22,MRK,sell,288.6507756027889,107.60347747802734
2026-01-22,KLAC,sell,220.96627618876786,149.44546508789062
2026-01-22,INTC,sell,36.85435620362159,54.31999969482422
2026-01-22,AMD,buy,130.88100725015494,253.72999572753903
2026-01-22,AMAT,buy,9.771204780114033,317.65789794921875
2026-01-22,FCX,buy,566.9047418001352,58.57851409912109
2026-01-22,TGT,buy,319.42785966116594,103.6454620361328
2026-01-29,INTC,sell,611.348262094376,48.65999984741211
2026-01-29,AMAT,sell,104.54151344823974,340.1278076171875
2026-01-29,FCX,sell,566.9047418001352,64.82954406738281
2026-01-29,TGT,sell,319.42785966116594,100.08355712890624
2026-01-29,SLB,buy,697.2087811064675,47.91474533081055
2026-01-29,AMD,buy,1.5901726981721538,252.17999267578125
2026-01-29,HON,buy,142.06928451408606,235.14288330078125
2026-01-29,META,buy,45.3280752390624,736.995361328125
2026-01-29,GILD,buy,241.35787492491227,137.85595703125
2026-02-05,AMD,sell,132.4711799483271,192.5
2026-02-05,HON,sell,142.06928451408606,241.98277282714844
2026-02-05,META,sell,45.3280752390624,669.0166015625
2026-02-05,GILD,sell,241.35787492491227,147.55674743652344
2026-02-05,LMT,buy,53.137450990324886,602.0450439453125
2026-02-05,VZ,buy,701.1862023664225,45.62431335449219
2026-02-05,SLB,sell,43.83545308885789,48.96303176879883
2026-02-05,DE,buy,56.86081495233418,562.6218872070312
2026-02-05,CL,buy,339.8510344732609,93.75648498535156
2026-02-12,SLB,sell,653.3733280176097,50.37587738037109
2026-02-12,LMT,sell,53.137450990324886,629.9641723632812
2026-02-12,DE,sell,56.86081495233418,594.823974609375
2026-02-12,CL,sell,339.8510344732609,95.03121185302734
2026-02-12,VZ,sell,7.801213728921084,47.91037368774414
2026-02-12,CAT,buy,43.97437031387698,755.4476318359375
2026-02-12,GILD,buy,221.51743082739895,149.96713256835938
2026-02-12,T,buy,1181.1629423389018,28.12510681152344
2026-02-12,TXN,buy,149.89196437591207,220.7424468994141
2026-02-20,T,sell,1181.1629423389018,27.324323654174805
2026-02-20,TXN,sell,149.89196437591207,217.50552368164065
2026-02-20,CAT,sell,0.5413529132470103,756.8922119140625
2026-02-20,EOG,buy,271.16693553887376,121.23200988769533
2026-02-20,GILD,sell,1.7149859212117349,149.5620880126953
2026-02-20,JNJ,buy,136.61525792140262,238.6514434814453
2026-02-20,VZ,sell,4.3007106586028385,47.70695495605469
2026-02-27,VZ,sell,689.0842779788986,48.569068908691406
2026-02-27,GILD,sell,219.80244490618722,147.141845703125
2026-02-27,EOG,sell,271.16693553887376,122.21700286865234
2026-02-27,JNJ,sell,136.61525792140262,245.79718017578125
2026-02-27,NFLX,buy,342.6406175856451,96.23999786376952
2026-02-27,DE,buy,52.655824043893034,626.2504272460938
2026-02-27,MRK,buy,270.22182913743893,122.0320816040039
2026-02-27,CAT,buy,1.126033940349437,740.045654296875
2026-02-27,TGT,buy,293.5929135697679,111.86634063720705
2026-03-06,CAT,sell,44.55905134097941,678.3477783203125
2026-03-06,DE,sell,52.655824043893034,586.5298461914062
2026-03-06,MRK,sell,270.22182913743893,114.11803436279295
2026-03-06,TGT,sell,293.5929135697679,118.7480010986328
2026-03-06,NFLX,sell,17.979378002900262,99.0199966430664
2026-03-06,ORCL,buy,211.64007440449015,151.89918518066406
2026-03-06,PYPL,buy,686.6920756522695,46.815677642822266
2026-03-06,SHOP,buy,246.91210143727423,130.1999969482422
2026-03-06,NEM,buy,275.984112086352,116.01909637451172
2026-03-13,NFLX,sell,324.6612395827448,95.30999755859376
2026-03-13,ORCL,sell,211.64007440449015,154.03427124023438
2026-03-13,NEM,sell,275.984112086352,109.3247299194336
2026-03-13,PYPL,buy,5.142930949209926,44.752479553222656
2026-03-13,SHOP,buy,4.887932863849613,122.95999908447266
2026-03-13,AMAT,buy,90.86454747693656,340.7416076660156
2026-03-13,INTU,buy,70.90323064260787,436.6702575683594
2026-03-13,NOW,buy,271.67455465619065,113.62000274658205
2026-03-20,SHOP,sell,251.80003430112384,116.77999877929688
2026-03-20,AMAT,sell,90.86454747693656,356.2357482910156
2026-03-20,PYPL,buy,11.081738476914325,43.86539840698242
2026-03-20,BKNG,buy,178.71733809990516,172.5278778076172
2026-03-20,INTU,sell,2.7102065647722355,452.1536254882813
2026-03-20,CRM,buy,158.6171491820592,194.39085388183597
2026-03-20,NOW,buy,7.096558608544334,110.37999725341795
2026-03-27,PYPL,sell,702.9167450783938,43.44678115844727
2026-03-27,NOW,sell,278.771113264735,99.41000366210938
2026-03-27,BKNG,sell,178.71733809990516,162.07814025878906
2026-03-27,CRM,sell,158.6171491820592,178.40220642089844
2026-03-27,IBM,buy,123.37984445839793,232.94224548339844
2026-03-27,PANW,buy,195.48617317592576,147.02000427246094
2026-03-27,AMD,buy,142.28613908574948,201.9900054931641
2026-03-27,C,buy,270.2844584523786,106.33381652832033
2026-03-27,INTU,buy,1.0620192157146322,413.3261413574219
2026-04-06,INTU,sell,69.25504329355026,414.2392578125
2026-04-06,IBM,sell,123.37984445839793,243.19271850585935
2026-04-06,PANW,sell,195.48617317592576,161.9499969482422
2026-04-06,AMD,sell,142.28613908574948,220.17999267578125
2026-04-06,C,sell,270.2844584523786,116.21658325195312
2026-04-06,EOG,buy,217.3029891317999,140.9021759033203
2026-04-06,APD,buy,104.74862858898723,292.30419921875
2026-04-06,INTC,buy,602.9630707956887,50.77999877929688
2026-04-06,XOM,buy,189.91179711452793,161.2246551513672
2026-04-06,COP,buy,234.70503313654095,129.80313110351562
2026-04-13,EOG,sell,217.3029891317999,134.90362548828125
2026-04-13,APD,sell,104.74862858898723,296.80621337890625
2026-04-13,INTC,sell,602.9630707956887,65.18000030517578
2026-04-13,XOM,sell,189.91179711452793,150.63555908203125
2026-04-13,COP,sell,234.70503313654095,121.89505767822266
2026-04-13,AMZN,buy,130.82912309421042,239.88999938964844
2026-04-13,AVGO,buy,82.77622000976882,379.1499328613281
2026-04-13,AMD,buy,127.15066250617251,246.8300018310547
2026-04-13,C,buy,250.97704781945305,125.04967498779295
2026-04-13,UNH,buy,100.33900628925551,311.22247314453125
2026-04-20,AVGO,sell,82.77622000976882,398.9985046386719
2026-04-20,AMD,sell,127.15066250617251,274.95001220703125
2026-04-20,UNH,sell,100.33900628925551,321.6429748535156
2026-04-20,TXN,buy,143.35145586237024,231.3341217041016
2026-04-20,C,buy,0.7204552601946546,131.75372314453125
2026-04-20,KLAC,buy,184.1332097420574,180.09832763671875
2026-04-20,CAT,buy,41.61272809368315,796.921630859375
2026-04-20,AMZN,buy,2.3345324730448875,248.27999877929688
2026-04-27,C,sell,251.6975030796477,127.8818130493164
2026-04-27,TXN,sell,143.35145586237024,266.7716979980469
2026-04-27,CAT,sell,41.61272809368315,827.2553100585938
2026-04-27,MU,buy,66.55246538101716,524.4793090820312
2026-04-27,AMZN,buy,0.5120173549832714,261.1199951171875
2026-04-27,META,buy,51.48351262009169,677.9916381835938
2026-04-27,NVDA,buy,160.8664327072916,216.3578338623047
2026-05-04,AMZN,sell,133.67567292223856,272.04998779296875
2026-05-04,MU,sell,66.55246538101716,576.3613891601562
2026-05-04,META,sell,51.48351262009169,609.8447875976562
2026-05-04,NVDA,sell,160.8664327072916,198.2489318847656
2026-05-04,AVGO,buy,81.51435945316939,415.84185791015625
2026-05-04,CAT,buy,38.82114875406901,873.1602172851562
2026-05-04,GOOGL,buy,88.49923143009633,383.0212097167969
2026-05-04,GOOG,buy,89.34116759706315,379.4116821289063
2026-05-04,KLAC,buy,13.380564780086774,170.92042541503906
2026-05-11,KLAC,sell,197.5137745221442,184.0757293701172
2026-05-11,AVGO,sell,81.51435945316939,427.75299072265625
2026-05-11,CAT,sell,38.82114875406901,925.0738525390624
2026-05-11,GOOGL,sell,88.49923143009633,388.4080200195313
2026-05-11,GOOG,sell,89.34116759706315,386.537353515625
2026-05-11,AAPL,buy,120.402673949459,292.42779541015625
2026-05-11,MDLZ,buy,578.150428579296,60.89952850341797
2026-05-11,TSLA,buy,79.12154720118684,445.0
2026-05-11,SBUX,buy,336.85362466657256,104.52340698242188
2026-05-11,CSCO,buy,356.20124450538395,98.3520736694336
2026-05-18,AAPL,sell,120.402673949459,297.5833435058594
2026-05-18,MDLZ,sell,578.150428579296,61.12761688232422
2026-05-18,TSLA,sell,79.12154720118684,409.989990234375
2026-05-18,SBUX,sell,336.85362466657256,105.99113464355467
2026-05-18,CSCO,sell,356.20124450538395,118.43692779541016
2026-05-18,MU,buy,53.27013182097991,681.4351806640625
2026-05-18,QCOM,buy,178.91483108905535,202.890625
2026-05-18,GOOGL,buy,91.50456651034294,396.70306396484375
2026-05-18,EOG,buy,255.74893413870961,141.93663024902344
2026-05-18,GOOG,buy,91.93475422710303,392.87353515625
2026-05-26,QCOM,sell,178.91483108905535,247.9043884277344
2026-05-26,EOG,sell,255.74893413870961,135.19664001464844
2026-05-26,GOOG,sell,91.93475422710303,384.6085205078125
2026-05-26,MU,sell,9.157348284804655,895.7422485351562
2026-05-26,CSCO,buy,335.1770652791352,117.88898468017578
2026-05-26,AAPL,buy,128.26440403820317,308.0643005371094
2026-05-26,LLY,buy,37.164290142844045,1063.2164306640625
2026-05-26,GOOGL,buy,9.850047107540448,388.6478576660156
2026-06-02,GOOGL,sell,101.35461361788339,361.6340026855469
2026-06-02,CSCO,sell,335.1770652791352,127.52294158935548
2026-06-02,AAPL,sell,128.26440403820317,314.92840576171875
2026-06-02,LLY,sell,37.164290142844045,1062.6273193359375
2026-06-02,MU,sell,5.3482204664028785,1063.936279296875
2026-06-02,GS,buy,38.74112486005139,1064.5799560546875
2026-06-02,HON,buy,167.67937896144494,245.96360778808597
2026-06-02,KLAC,buy,201.8855794564834,204.2891082763672
2026-06-02,NOW,buy,321.8028582437445,127.6500015258789
2026-06-09,MU,sell,38.76456306977238,935.74609375
2026-06-09,GS,sell,38.74112486005139,1032.010009765625
2026-06-09,HON,sell,167.67937896144494,225.54244995117188
2026-06-09,NOW,buy,36.50155944272319,106.97000122070312
2026-06-09,IBM,buy,139.11408543654406,275.5136108398437
2026-06-09,KLAC,sell,22.52836201838315,213.69546508789065
2026-06-09,CSCO,buy,319.63448988830714,119.91141510009766
2026-06-09,AMAT,buy,76.62076639660816,498.6767578125
2026-06-16,KLAC,sell,179.35721743810026,237.0620574951172
2026-06-16,NOW,sell,358.3044176864677,101.33000183105467
2026-06-16,IBM,sell,139.11408543654406,268.8811950683594
2026-06-16,CSCO,sell,319.63448988830714,119.12435913085938
2026-06-16,AMAT,sell,76.62076639660816,567.6229858398438
2026-06-16,GE,buy,112.61220720372854,351.2921142578125
2026-06-16,C,buy,278.0677577695132,142.26669311523438
2026-06-16,FCX,buy,565.3000359691188,69.98014831542969
2026-06-16,BKNG,buy,225.12963854439002,175.72000122070312
2026-06-16,GS,buy,36.08981517973834,1090.6700439453125
2026-06-24,FCX,sell,565.3000359691188,61.69026565551758
2026-06-24,BKNG,sell,225.12963854439002,181.25
2026-06-24,GS,sell,36.08981517973834,1076.9100341796875
2026-06-24,C,sell,4.491130650382104,142.8636474609375
2026-06-24,GE,sell,5.656721562989475,365.4244995117188
2026-06-24,BAC,buy,677.0163713877256,57.72999954223633
2026-06-24,KLAC,buy,162.70929399202393,240.20849609375
2026-06-24,TGT,buy,278.08820308956894,140.1244659423828
2026-07-01,C,sell,273.5766271191311,139.42115783691406
2026-07-01,KLAC,sell,162.70929399202393,265.8894958496094
2026-07-01,TGT,sell,278.08820308956894,129.2975616455078
2026-07-01,ABBV,buy,157.99052747497814,249.28561401367188
2026-07-01,KMB,buy,353.41676944642785,111.44000244140624
2026-07-01,BAC,sell,2.157474231408969,58.36000061035156
2026-07-01,AXP,buy,111.22357214220258,347.04998779296875
2026-07-01,GE,sell,1.781697330911328,374.4732055664063
2026-07-09,GE,sell,105.17378830982774,359.0400085449219
2026-07-09,KMB,sell,353.41676944642785,109.93000030517578
2026-07-09,AXP,sell,111.22357214220258,346.7200012207031
2026-07-09,AMAT,buy,66.33415388781968,588.0311889648438
2026-07-09,JNJ,buy,151.2888084917781,257.8283996582031
2026-07-09,SBUX,buy,356.4617931336872,105.8022232055664
2026-07-09,BAC,sell,16.52047724692386,59.25
2026-07-09,ABBV,sell,0.7971631451675307,248.1437530517578
2026-07-16,BAC,sell,658.3384199093928,61.4900016784668
2026-07-16,AMAT,sell,66.33415388781968,560.330810546875
2026-07-16,JNJ,sell,151.2888084917781,248.7432098388672
2026-07-16,SBUX,sell,356.4617931336872,107.75102996826172
2026-07-16,ABBV,sell,3.998685858296085,254.38999938964844
2026-07-16,MRK,buy,305.3450991265481,127.62999725341795
2026-07-16,ABT,buy,394.3255432645385,98.83000183105467
2026-07-16,ADBE,buy,165.6163978037605,235.30999755859372
2026-07-16,DHR,buy,189.33698876320855,205.00999450683597
2026-07-23,MRK,sell,305.3450991265481,130.47999572753906
2026-07-23,ABT,sell,394.3255432645385,100.75
2026-07-23,DHR,sell,189.33698876320855,192.5
2026-07-23,PANW,buy,117.01299196157879,325.6300048828125
2026-07-23,UNP,buy,125.20271686981312,304.3299865722656
2026-07-23,ADBE,buy,13.97044987797932,212.1699981689453
2026-07-23,INTU,buy,130.46973494979815,281.5299987792969
2026-07-23,ABBV,sell,4.888049355916763,256.9200134277344
2026-07-30,ABBV,sell,148.30662911559776,257.4100036621094
2026-07-30,ADBE,sell,179.5868476817398,247.8999938964844
2026-07-30,PANW,sell,117.01299196157879,325.67999267578125
2026-07-30,UNP,sell,125.20271686981312,289.4599914550781
2026-07-30,MSFT,buy,88.60077700796356,450.2524108886719
2026-07-30,COP,buy,337.3837835855707,118.24134826660156
2026-07-30,TMO,buy,69.16571961709562,576.77001953125
2026-07-30,EOG,buy,264.34357102805177,145.50999450683594
2026-07-30,INTU,sell,4.02690308150909,315.5
2026-08-06,COP,sell,337.3837835855707,115.98638916015624
2026-08-06,TMO,sell,69.16571961709562,580.02001953125
2026-08-06,EOG,sell,264.34357102805177,136.1999969482422
2026-08-06,BKNG,buy,194.2531982432094,207.38999938964844
2026-08-06,INTU,sell,1.2955229720344477,321.9100036621094
2026-08-06,MSFT,sell,7.854143398865261,498.9207458496094
2026-08-06,CRM,buy,215.69936147951685,186.7700042724609
2026-08-06,RTX,buy,180.51260354579867,222.5108184814453
2026-08-13,INTU,sell,125.14730889625461,358.2900085449219
2026-08-13,BKNG,sell,194.2531982432094,213.33999633789065
2026-08-13,CRM,sell,215.69936147951685,201.3699951171875
2026-08-13,RTX,sell,180.51260354579867,219.7499847412109
2026-08-13,ORCL,buy,268.12191430949895,156.22000122070312
2026-08-13,NEM,buy,366.80974590765896,114.19000244140624
2026-08-13,MSFT,buy,3.7100887663458053,495.9463806152344
2026-08-13,ABNB,buy,226.2518483010956,185.1300048828125
2026-08-13,PANW,buy,105.34521818736896,396.0
2026-08-20,NEM,sell,366.80974590765896,127.63999938964844
2026-08-20,PANW,sell,105.34521818736896,349.5599975585937
2026-08-20,ABNB,sell,5.4636367583327115,185.0
2026-08-20,ORCL,buy,19.382956737608595,142.07000732421875
2026-08-20,MSFT,buy,0.4353479842175716,481.1499938964844
2026-08-20,CRM,buy,198.83084550305088,205.42999267578125
2026-08-20,NOW,buy,314.1518813019108,129.75
